Topic,Count,Name
-1,4475,-1_peopl_get_time_thank
0,205,0_snow_winter_weather_cold
1,185,1_park_gage_lot_gore
2,164,2_vaccin_dose_proof_requir
3,143,3_mask_wear_mandatori_seller
4,124,4_alberta_canada_manitoba_ontario
5,114,5_paint_oil_canva_acryl
6,110,6_lane_driver_car_traffic
7,101,7_morn_crow_meteor_visitor
8,101,8_downtown_town_uptown_hotel
9,98,9_nan___
10,96,10_thank_know_peopl_guy
11,94,11_dog_leash_owner_pitbul
12,82,12_citi_america_world_class
13,79,13_peopl_louder_angl_think
14,74,14_protest_protestor_organ_event
15,66,15_station_train_tunnel_lrt
16,65,16_sunset_last_night_shot
17,64,17_oh_ouch_smh_haha
18,62,18_doctor_patient_er_icu
19,60,19_cat_rescu_found_updat
20,58,20_belong_thought_need_think
21,56,21_street_king_kingswood_yong
22,54,22_landlord_rent_rental_tenant
23,53,23_hous_market_crisi_interest
24,52,24_mall_store_picket_locat
25,52,25_beaver_river_bridg_riverbank
26,51,26_happi_easter_heritag_birthday
27,51,27_sign_signag_font_meep
28,50,28_photo_took_photoshop_snap
29,49,29_sunris_morn_unreal_bridg
30,49,30_barton_bridg_ave_st
31,49,31_fire_ferri_bc_firework
32,48,32_stolen_bike_stole_theft
33,47,33_cartoon_bruce_mackinnon_adder
34,46,34_spring_summer_april_summertim
35,43,35_windi_littl_fli_wind
36,43,36_lake_river_inlet_louis
37,42,37_anyon_el_doug_norco
38,42,38_storm_thunderstorm_tornado_timelaps
39,41,39_moon_venu_full_tonight
40,40,40_christma_merri_holiday_eve
41,38,41_drone_flight_microsoft_sim
42,38,42_facebook_fb_found_group
43,37,43_trash_dump_trashtag_garbag
44,37,44_polic_arrest_charg_landfil
45,36,45_school_teacher_student_high
46,36,46_today_ago_tomorrow_outag
47,35,47_halloween_candi_decor_costum
48,35,48_walk_stroll_howe_saw
49,35,49_time_colonist_year_champion
50,35,50_ford_doug_sick_pc
51,34,51_tower_cn_khalifa_burj
52,34,52_wage_employe_job_pay
53,34,53_meme_appropri_figur_appli
54,33,54_driver_drive_techniqu_flagger
55,33,55_good_morn_thanksgiv_hamiltonhav
56,33,56_transit_kwok_fare_buse
57,33,57_light_yyc_magnific_reflect
58,32,58_right_fact_hot_opinion
59,32,59_everi_singl_zeddi_alma
60,32,60_engin_truck_drive_train
61,32,61_video_movi_music_messag
62,32,62_view_apart_offic_varsiti
63,32,63_ttc_psa_delay_scale
64,32,64_mayor_mckenney_torus_catherin
65,31,65_vote_elect_municip_polici
66,31,66_beach_seabu_sunris_willow
67,31,67_spot_bay_submarin_metchosin
68,30,68_canada_happi_day_cake
69,29,69_sunset_ogden_sun_beach
70,29,70_go_tarnat_come_alright
71,29,71_hill_mountain_sage_rock
72,28,72_hero_cape_deserv_updat
73,27,73_river_valley_flood_riversid
74,27,74_pizza_slice_chees_sauc
75,27,75_laugh_twitter_humour_probabl
76,26,76_case_recov_activ_zero
77,26,77_pas_deck_petit_passeng
78,26,78_scotia_nova_progress_power
79,26,79_plea_moment_bellow_reform
80,26,80_fall_gorgeou_colour_tiffani
81,26,81_pictur_took_gameboy_envi
82,25,82_foggi_morn_earli_earl
83,25,83_ralli_consul_custodian_ticket
84,24,84_rainbow_doubl_vibe_sulphur
85,23,85_coupl_minut_ago_nativ
86,23,86_restaur_local_irish_thai
87,23,87_feel_sum_dystopian_pure
88,22,88_convoy_summons_trucker_failur
89,22,89_covid_indoor_layer_rate
90,22,90_price_ga_dollarama_comparison
91,22,91_homeless_rotari_langford_http
92,21,92_mural_mf_artwork_doom
93,21,93_monday_friday_regina_blade
94,20,94_island_hawaii_coast_sea
95,20,95_bird_hummingbird_arboretum_rbg
96,20,96_rain_rainshadow_upvot_sweet
97,19,97_brent_roussin_enlarg_presenc
98,19,98_done_thank_sobey_good
99,19,99_megathread_burnt_comment_reddit
100,19,100_know_true_wu_tang
101,19,101_road_highway_fals_gee
102,19,102_miss_confer_press_sippi
103,19,103_minecraft_build_design_challeng
104,19,104_guy_chick_hime_goldi
105,19,105_aurora_cme_boreali_northern
106,19,106_realli_boycot_realiti_rentfast
107,18,107_found_bu_blair_boob
108,18,108_harbour_inner_seal_coal
109,18,109_flag_ukrainian_canadian_parliament
110,18,110_home_beat_leon_homestretch
111,18,111_tree_mullet_giant_sequoia
112,18,112_rememb_reena_old_virk
113,18,113_ca_believ_calgarian_vch
114,17,114_sky_skytrain_freeman_malmhat
115,17,115_gon_na_leav_goh
116,17,116_convoy_protest_trucker_emerg
117,17,117_tonight_night_last_mariachi
118,17,118_idiot_back_throne_aaaaaaand
119,17,119_librari_stream_kanopi_hd
120,17,120_cherri_blossom_bloom_lilac
121,16,121_fog_spruce_meadow_fractur
122,16,122_beauti_bridesmaid_england_chevi
123,16,123_reopen_plan_starlit_theatr
124,16,124_dartmouth_citadel_lifestyl_view
125,16,125_dunda_peak_narnia_weaselhead
126,16,126_saw_shrunk_fit_thought
127,15,127_beauti_quintessenti_citi_hike
128,15,128_trail_rail_meewasin_abbey
129,15,129_owl_snowi_rare_moonbeam
130,15,130_smoke_smoker_cigarett_smell
131,15,131_morn_downtown_stroll_halifaxth
132,15,132_skylin_tlou_dandelion_optic
133,15,133_night_jfc_stargaz_fran
134,15,134_kenney_jason_skypalac_thee
135,15,135_emerg_alert_rjh_rcmp
136,15,136_job_resum_hire_inde
137,15,137_word_speechless_spread_love
138,14,138_horton_tim_coffe_roaster
139,14,139_solar_panel_sun_user
140,14,140_classi_stay_keepin_lib
141,14,141_ukrainian_embassi_russian_russia
142,14,142_duck_duckana_ducknana_banana
143,14,143_subway_rail_highli_system
144,13,144_nutshel_nutcas_nutjob_nell
145,13,145_shot_morant_snag_globe
146,13,146_anoth_one_accessori_herb
147,13,147_raptor_nba_bulldog_ohl
148,13,148_raccoon_squirrel_backyard_jk
149,13,149_zoo_giraff_babi_wanuskewin
150,13,150_tho_like_sometim_doe
151,13,151_starter_pack_starterpack_kettleman
152,13,152_smoke_sept_humidifi_wildfir
153,13,153_tip_weed_machin_option
154,12,154_beauti_red_friday_overpass
155,12,155_church_salli_sarsfield_gomeri
156,12,156_social_distanc_monti_gurl
157,12,157_trudeau_justin_prime_minist
158,12,158_billboard_poster_tatter_pkwi
159,12,159_natur_heal_mother_oof
160,12,160_murder_suspect_stelco_arrest
161,12,161_nhl_playoff_edmontonian_hockey
162,12,162_broadway_marque_theatr_taproom
163,12,163_meanwhil_mean_brampton_univers
164,12,164_racism_asian_hate_central
165,12,165_streetcar_ttc_andor_bcer
166,12,166_bike_recov_cyclist_bandwagon
167,11,167_pallist_reinfectmb_reelect_presser
168,11,168_jeopardi_made_gasp_real
169,11,169_indigen_peopl_countri_wwii
170,11,170_stay_safe_safeway_vicpd
171,11,171_pothol_coti_spraypaint_stoni
172,11,172_tri_googl_bold_expir
173,10,173_tire_kal_unrepair_bcaa
174,10,174_charg_popular_fee_bought
175,10,175_minist_health_gordon_tyler
176,10,176_remov_blogto_reddit_content
